,items,sentiment_score_definition,relevance_score_definition,feed
0,50,x <= -0.35: Bearish; -0.35 < x <= -0.15: Somewhat-Bearish; -0.15 < x < 0.15: Neutral; 0.15 <= x < 0.35: Somewhat_Bullish; x >= 0.35: Bullish,"0 < x <= 1, with a higher score indicating higher relevance.","{'title': 'Disney Slashes Disney+ Price To $2 As Battle With Charter Rages On - Walt Disney  ( NYSE:DIS ) ', 'url': 'https://www.benzinga.com/general/entertainment/23/09/34290011/disney-slashes-disney-price-to-2-as-battle-with-charter-rages-on', 'time_published': '20230906T202103', 'authors': ['Chris Katje'], 'summary': 'Media giant The Walt Disney Company DIS launched the streaming platform Disney+ in 2019, adding to its direct-to-consumer business initiatives. The company has gone on to raise the prices of its plan and also offer an ad-supported version.', 'banner_image': 'https://cdn.benzinga.com/files/images/story/2023/09/06/disney_shutter4.jpg?width=1200&height=800&fit=crop', 'source': 'Benzinga', 'category_within_source': 'General', 'source_domain': 'www.benzinga.com', 'topics': [{'topic': 'Technology', 'relevance_score': '1.0'}, {'topic': 'Financial Markets', 'relevance_score': '0.108179'}], 'overall_sentiment_score': 0.096571, 'overall_sentiment_label': 'Neutral', 'ticker_sentiment': [{'ticker': 'CHTR', 'relevance_score': '0.188928', 'ticker_sentiment_score': '-0.159992', 'ticker_sentiment_label': 'Somewhat-Bearish'}, {'ticker': 'DIS', 'relevance_score': '0.28008', 'ticker_sentiment_score': '0.187516', 'ticker_sentiment_label': 'Somewhat-Bullish'}]}"
1,50,x <= -0.35: Bearish; -0.35 < x <= -0.15: Somewhat-Bearish; -0.15 < x < 0.15: Neutral; 0.15 <= x < 0.35: Somewhat_Bullish; x >= 0.35: Bullish,"0 < x <= 1, with a higher score indicating higher relevance.","{'title': 'Bright Future for Warner Bros. Discovery, Thanks To Content Slate and Debt Reduction Plans: Analyst - Warner Bros. Discovery  ( NASDAQ:WBD ) ', 'url': 'https://www.benzinga.com/news/23/09/34280499/bright-future-for-warner-bros-discovery-thanks-to-content-slate-and-debt-reduction-plans-analyst', 'time_published': '20230906T171622', 'authors': ['Anusuya Lahiri'], 'summary': 'Macquarie analyst Tim Nollen maintained an Outperform rating on Warner Bros. Discovery, Inc WBD with a $20 price target. WBD announced reducing its guidance for FY23 adjusted EBITDA from the low end of $11 billion - $11.5 billion to a range of $10.5 billion - $11 billion due to the ongoing ...', 'banner_image': 'https://cdn.benzinga.com/files/images/story/2023/09/06/wbd.png?width=1200&height=800&fit=crop', 'source': 'Benzinga', 'category_within_source': 'News', 'source_domain': 'www.benzinga.com', 'topics': [{'topic': 'Earnings', 'relevance_score': '0.360215'}, {'topic': 'Technology', 'relevance_score': '1.0'}, {'topic': 'Financial Markets', 'relevance_score': '0.108179'}], 'overall_sentiment_score': 0.009767, 'overall_sentiment_label': 'Neutral', 'ticker_sentiment': [{'ticker': 'CHTR', 'relevance_score': '0.194242', 'ticker_sentiment_score': '-0.278502', 'ticker_sentiment_label': 'Somewhat-Bearish'}, {'ticker': 'MCQEF', 'relevance_score': '0.097854', 'ticker_sentiment_score': '0.15143', 'ticker_sentiment_label': 'Somewhat-Bullish'}, {'ticker': 'DIS', 'relevance_score': '0.194242', 'ticker_sentiment_score': '-0.278502', 'ticker_sentiment_label': 'Somewhat-Bearish'}]}"
2,50,x <= -0.35: Bearish; -0.35 < x <= -0.15: Somewhat-Bearish; -0.15 < x < 0.15: Neutral; 0.15 <= x < 0.35: Somewhat_Bullish; x >= 0.35: Bullish,"0 < x <= 1, with a higher score indicating higher relevance.","{'title': 'Comcast and Disney Agree to Speed Up Hulu Deal', 'url': 'https://www.nytimes.com/2023/09/06/business/media/comcast-disney-hulu-deal.html', 'time_published': '20230906T170320', 'authors': ['Benjamin Mullin'], 'summary': 'Disney is poised to own the entirety of the Hulu streaming service, which has more than 48 million total subscribers.', 'banner_image': 'https://static01.nyt.com/images/2023/09/06/business/HULU0906/HULU0906-articleLarge.jpg?quality=75&auto=webp&disable=upscale', 'source': 'New York Times', 'category_within_source': 'Business', 'source_domain': 'www.nytimes.com', 'topics': [{'topic': 'Technology', 'relevance_score': '1.0'}, {'topic': 'Financial Markets', 'relevance_score': '0.158519'}], 'overall_sentiment_score': 0.165937, 'overall_sentiment_label': 'Somewhat-Bullish', 'ticker_sentiment': [{'ticker': 'CCZ', 'relevance_score': '0.499102', 'ticker_sentiment_score': '0.211495', 'ticker_sentiment_label': 'Somewhat-Bullish'}, {'ticker': 'DIS', 'relevance_score': '0.076602', 'ticker_sentiment_score': '0.05254', 'ticker_sentiment_label': 'Neutral'}]}"
3,50,x <= -0.35: Bearish; -0.35 < x <= -0.15: Somewhat-Bearish; -0.15 < x < 0.15: Neutral; 0.15 <= x < 0.35: Somewhat_Bullish; x >= 0.35: Bullish,"0 < x <= 1, with a higher score indicating higher relevance.","{'title': 'REVOL GREENS ENGAGES FRANK YIANNAS, FOOD SAFETY EXPERT TO ADVISE ON FOOD SAFETY PRACTICES', 'url': 'https://markets.businessinsider.com/news/stocks/revol-greens-engages-frank-yiannas-food-safety-expert-to-advise-on-food-safety-practices-1032610136', 'time_published': '20230906T160500', 'authors': ['markets.businessinsider.com'], 'summary': 'AUSTIN, Texas, Sept. 6, 2023 /PRNewswire/ -- , a prominent leader in sustainable greenhouse grown leafy greens production, is excited to announce the appointment of Frank Yiannas as an advisor for food safety. Frank Yiannas, former Deputy Commissioner for Food Policy and Response at the U.S.', 'banner_image': 'https://mma.prnewswire.com/media/2203199/Dinesh_Babu_Headshot.jpg', 'source': 'Business Insider', 'category_within_source': 'RSS', 'source_domain': 'markets.businessinsider.com', 'topics': [{'topic': 'Retail & Wholesale', 'relevance_score': '1.0'}], 'overall_sentiment_score': 0.517641, 'overall_sentiment_label': 'Bullish', 'ticker_sentiment': [{'ticker': 'DIS', 'relevance_score': '0.107736', 'ticker_sentiment_score': '0.291151', 'ticker_sentiment_label': 'Somewhat-Bullish'}, {'ticker': 'WMT', 'relevance_score': '0.107736', 'ticker_sentiment_score': '0.291151', 'ticker_sentiment_label': 'Somewhat-Bullish'}]}"
4,50,x <= -0.35: Bearish; -0.35 < x <= -0.15: Somewhat-Bearish; -0.15 < x < 0.15: Neutral; 0.15 <= x < 0.35: Somewhat_Bullish; x >= 0.35: Bullish,"0 < x <= 1, with a higher score indicating higher relevance.","{'title': 'Disney asks court to narrow federal lawsuit against DeSantis', 'url': 'https://www.foxbusiness.com/politics/disney-asks-court-narrow-federal-lawsuit-against-desantis', 'time_published': '20230906T140532', 'authors': ['Chris Pandolfo'], 'summary': ""Disney's attorneys asked a federal court on Friday to narrow the scope of the company's free speech lawsuit against Florida Gov. Ron DeSantis and other officials."", 'banner_image': 'https://cf-images.us-east-1.prod.boltdns.net/v1/static/854081161001/8bfb0477-81a8-499a-902e-9cddf9fb04e4/2d4aa5f1-c3c5-406a-8291-ed858271dd6f/1280x720/match/image.jpg', 'source': 'Fox Business News', 'category_within_source': 'n/a', 'source_domain': 'www.foxbusiness.com', 'topics': [], 'overall_sentiment_score': 0.0, 'overall_sentiment_label': 'Neutral', 'ticker_sentiment': [{'ticker': 'DIS', 'relevance_score': '0.063091', 'ticker_sentiment_score': '-0.006036', 'ticker_sentiment_label': 'Neutral'}]}"
5,50,x <= -0.35: Bearish; -0.35 < x <= -0.15: Somewhat-Bearish; -0.15 < x < 0.15: Neutral; 0.15 <= x < 0.35: Somewhat_Bullish; x >= 0.35: Bullish,"0 < x <= 1, with a higher score indicating higher relevance.","{'title': ""Disney's battle with Charter could pose an existential threat to the cable bundle | Business"", 'url': 'https://www.cnn.com/2023/09/05/media/disney-charter-reliable-sources/index.html', 'time_published': '20230906T022800', 'authors': ['Oliver Darcy'], 'summary': ""Disney's battle with Charter could pose an existential threat to the cable bundle ..."", 'banner_image': 'https://media.cnn.com/api/v1/images/stellar/prod/230905192126-disney-logo-file.jpg?c=16x9&q=w_800,c_fill', 'source': 'CNN', 'category_within_source': 'Markets', 'source_domain': 'www.cnn.com', 'topics': [{'topic': 'Technology', 'relevance_score': '1.0'}], 'overall_sentiment_score': 0.098676, 'overall_sentiment_label': 'Neutral', 'ticker_sentiment': [{'ticker': 'PARA', 'relevance_score': '0.051221', 'ticker_sentiment_score': '0.134119', 'ticker_sentiment_label': 'Neutral'}, {'ticker': 'WBD', 'relevance_score': '0.051221', 'ticker_sentiment_score': '0.170197', 'ticker_sentiment_label': 'Somewhat-Bullish'}, {'ticker': 'CCZ', 'relevance_score': '0.051221', 'ticker_sentiment_score': '0.134119', 'ticker_sentiment_label': 'Neutral'}, {'ticker': 'CHTR', 'relevance_score': '0.051221', 'ticker_sentiment_score': '-0.035999', 'ticker_sentiment_label': 'Neutral'}, {'ticker': 'FUBO', 'relevance_score': '0.051221', 'ticker_sentiment_score': '0.025771', 'ticker_sentiment_label': 'Neutral'}, {'ticker': 'FOX', 'relevance_score': '0.051221', 'ticker_sentiment_score': '0.134119', 'ticker_sentiment_label': 'Neutral'}, {'ticker': 'DIS', 'relevance_score': '0.051221', 'ticker_sentiment_score': '0.163423', 'ticker_sentiment_label': 'Somewhat-Bullish'}]}"
6,50,x <= -0.35: Bearish; -0.35 < x <= -0.15: Somewhat-Bearish; -0.15 < x < 0.15: Neutral; 0.15 <= x < 0.35: Somewhat_Bullish; x >= 0.35: Bullish,"0 < x <= 1, with a higher score indicating higher relevance.","{'title': 'Charter Offers $15 Credit Amid Ongoing Disney Dispute, Reports Say', 'url': 'https://www.kiplinger.com/personal-finance/spending/charter-offers-dollar15-credit-amid-ongoing-disney-dispute-reports-say', 'time_published': '20230905T233434', 'authors': ['Joey Solitro'], 'summary': ""Disney-Charter Dispute May Yield Viewers $15 Credit Kiplinger's Personal Finance ..."", 'banner_image': 'https://cdn.mos.cms.futurecdn.net/3nTXkwmVTxGe66kyhT2xZY-415-80.jpg', 'source': 'Kiplinger', 'category_within_source': 'n/a', 'source_domain': 'www.kiplinger.com', 'topics': [{'topic': 'Technology', 'relevance_score': '1.0'}, {'topic': 'Financial Markets', 'relevance_score': '0.158519'}], 'overall_sentiment_score': 0.139093, 'overall_sentiment_label': 'Neutral', 'ticker_sentiment': [{'ticker': 'CHTR', 'relevance_score': '0.163354', 'ticker_sentiment_score': '-0.070303', 'ticker_sentiment_label': 'Neutral'}, {'ticker': 'GOOG', 'relevance_score': '0.082111', 'ticker_sentiment_score': '0.0', 'ticker_sentiment_label': 'Neutral'}, {'ticker': 'DIS', 'relevance_score': '0.082111', 'ticker_sentiment_score': '-0.034146', 'ticker_sentiment_label': 'Neutral'}]}"
7,50,x <= -0.35: Bearish; -0.35 < x <= -0.15: Somewhat-Bearish; -0.15 < x < 0.15: Neutral; 0.15 <= x < 0.35: Somewhat_Bullish; x >= 0.35: Bullish,"0 < x <= 1, with a higher score indicating higher relevance.","{'title': 'Disney, Spectrum direct customers to other TV services as dispute keeping ESPN off air continues', 'url': 'https://apnews.com/article/espn-disney-spectrum-cable-dispute-aa16cf8eb9447b2956fb31f8a279f86d', 'time_published': '20230905T201700', 'authors': ['DAVID BAUDER'], 'summary': 'NEW YORK ( AP ) - Both sides of a dispute that has left nearly 15 million cable TV subscribers without ESPN or other networks affiliated with The Walt Disney Co. are directing customers to other services where they can watch television.', 'banner_image': 'https://dims.apnews.com/dims4/default/c129b49/2147483647/strip/true/crop/893x595+1053+0/resize/599x399!/quality/90/?url=https%3A%2F%2Fassets.apnews.com%2F3e%2F95%2Fa8c2b42f663bcc785c2c4fe554fa%2F32712e3e2b8d48a8a0291caf6766a66f', 'source': 'Associated Press', 'category_within_source': 'Markets', 'source_domain': 'apnews.com', 'topics': [{'topic': 'Technology', 'relevance_score': '1.0'}], 'overall_sentiment_score': -0.083612, 'overall_sentiment_label': 'Neutral', 'ticker_sentiment': [{'ticker': 'CHTR', 'relevance_score': '0.092569', 'ticker_sentiment_score': '-0.20733', 'ticker_sentiment_label': 'Somewhat-Bearish'}, {'ticker': 'DIS', 'relevance_score': '0.092569', 'ticker_sentiment_score': '-0.072884', 'ticker_sentiment_label': 'Neutral'}]}"
8,50,x <= -0.35: Bearish; -0.35 < x <= -0.15: Somewhat-Bearish; -0.15 < x < 0.15: Neutral; 0.15 <= x < 0.35: Somewhat_Bullish; x >= 0.35: Bullish,"0 < x <= 1, with a higher score indicating higher relevance.","{'title': 'Disney Treasure to Unlock New Disney Stories from ""Coco,"" ""Zootopia,"" Theme Parks and More on the High Seas', 'url': 'https://www.benzinga.com/pressreleases/23/09/n34241735/disney-treasure-to-unlock-new-disney-stories-from-coco-zootopia-theme-parks-and-more-on-the-high-s', 'time_published': '20230905T154300', 'authors': ['PRNewswire'], 'summary': ""Adventure awaits onboard Disney Cruise Line's newest ship, setting sail December 2024"", 'banner_image': 'https://www.benzinga.com/next-assets/images/schema-image-default.png', 'source': 'Benzinga', 'category_within_source': 'General', 'source_domain': 'www.benzinga.com', 'topics': [], 'overall_sentiment_score': 0.440457, 'overall_sentiment_label': 'Bullish', 'ticker_sentiment': [{'ticker': 'DIS', 'relevance_score': '0.047607', 'ticker_sentiment_score': '0.187903', 'ticker_sentiment_label': 'Somewhat-Bullish'}]}"
9,50,x <= -0.35: Bearish; -0.35 < x <= -0.15: Somewhat-Bearish; -0.15 < x < 0.15: Neutral; 0.15 <= x < 0.35: Somewhat_Bullish; x >= 0.35: Bullish,"0 < x <= 1, with a higher score indicating higher relevance.","{'title': ""US Open champion can't watch tennis because of Disney's dispute with his hotel's cable company | Business"", 'url': 'https://www.cnn.com/2023/09/05/business/us-open-daniil-medvedev-spectrum-blackout/index.html', 'time_published': '20230905T132104', 'authors': ['Jordan Valinsky'], 'summary': ""US Open champion can't watch tennis because of Disney's dispute with his hotel's cable company ..."", 'banner_image': 'https://media.cnn.com/api/v1/images/stellar/prod/230901081327-disney-spectrum-cable-carriage-deal.jpg?c=16x9&q=h_144,w_256,c_fill', 'source': 'CNN', 'category_within_source': 'Markets', 'source_domain': 'www.cnn.com', 'topics': [], 'overall_sentiment_score': -0.062597, 'overall_sentiment_label': 'Neutral', 'ticker_sentiment': [{'ticker': 'DIS', 'relevance_score': '0.092213', 'ticker_sentiment_score': '-0.130736', 'ticker_sentiment_label': 'Neutral'}]}"
10,50,x <= -0.35: Bearish; -0.35 < x <= -0.15: Somewhat-Bearish; -0.15 < x < 0.15: Neutral; 0.15 <= x < 0.35: Somewhat_Bullish; x >= 0.35: Bullish,"0 < x <= 1, with a higher score indicating higher relevance.","{'title': 'Disney encourages Spectrum customers to move to Hulu + Live TV amid Charter dispute', 'url': 'https://www.foxbusiness.com/media/disney-encourages-spectrum-customers-move-hulu-live-tv-charter-dispute', 'time_published': '20230905T102238', 'authors': ['Landon Mion'], 'summary': 'The Walt Disney Company is urging customers using Spectrum, which is owned by Charter Communications, to consider switching to Hulu + Live TV or another live TV streaming alternative as Disney and Charter work on a new distribution deal.', 'banner_image': 'https://cf-images.us-east-1.prod.boltdns.net/v1/static/854081161001/58803ad0-fc04-4319-b7d7-48f0ed552bd9/792f5b51-51ab-4a14-8635-a6cf07baabe2/1280x720/match/image.jpg', 'source': 'Fox Business News', 'category_within_source': 'n/a', 'source_domain': 'www.foxbusiness.com', 'topics': [{'topic': 'Technology', 'relevance_score': '1.0'}], 'overall_sentiment_score': 0.140947, 'overall_sentiment_label': 'Neutral', 'ticker_sentiment': [{'ticker': 'GOOG', 'relevance_score': '0.082111', 'ticker_sentiment_score': '0.081574', 'ticker_sentiment_label': 'Neutral'}, {'ticker': 'CHTR', 'relevance_score': '0.082111', 'ticker_sentiment_score': '0.057052', 'ticker_sentiment_label': 'Neutral'}, {'ticker': 'FUBO', 'relevance_score': '0.082111', 'ticker_sentiment_score': '0.081574', 'ticker_sentiment_label': 'Neutral'}, {'ticker': 'DIS', 'relevance_score': '0.082111', 'ticker_sentiment_score': '0.057052', 'ticker_sentiment_label': 'Neutral'}]}"
11,50,x <= -0.35: Bearish; -0.35 < x <= -0.15: Somewhat-Bearish; -0.15 < x < 0.15: Neutral; 0.15 <= x < 0.35: Somewhat_Bullish; x >= 0.35: Bullish,"0 < x <= 1, with a higher score indicating higher relevance.","{'title': 'Disney asks Spectrum customers to switch to Hulu+ amid Charter dispute', 'url': 'https://www.reuters.com/business/media-telecom/disney-asks-spectrum-customers-switch-hulu-amid-charter-dispute-2023-09-05/', 'time_published': '20230905T031857', 'authors': ['Reuters'], 'summary': 'A screen shows the logo and a ticker symbol for The Walt Disney Company on the floor of the New York Stock Exchange ( NYSE ) in New York, U.S., December 14, 2017. REUTERS/Brendan McDermid/File Photo Acquire Licensing Rights', 'banner_image': 'https://cloudfront-us-east-2.images.arcpublishing.com/reuters/YIB6RXVMKVPCNKEFYAERUBRWMI.jpg', 'source': 'Reuters', 'category_within_source': 'Business', 'source_domain': 'www.reuters.com', 'topics': [{'topic': 'Technology', 'relevance_score': '1.0'}, {'topic': 'Financial Markets', 'relevance_score': '0.360215'}], 'overall_sentiment_score': 0.220684, 'overall_sentiment_label': 'Somewhat-Bullish', 'ticker_sentiment': [{'ticker': 'CHTR', 'relevance_score': '0.145145', 'ticker_sentiment_score': '0.207131', 'ticker_sentiment_label': 'Somewhat-Bullish'}, {'ticker': 'DIS', 'relevance_score': '0.145145', 'ticker_sentiment_score': '0.0', 'ticker_sentiment_label': 'Neutral'}]}"
12,50,x <= -0.35: Bearish; -0.35 < x <= -0.15: Somewhat-Bearish; -0.15 < x < 0.15: Neutral; 0.15 <= x < 0.35: Somewhat_Bullish; x >= 0.35: Bullish,"0 < x <= 1, with a higher score indicating higher relevance.","{'title': 'Charter Communications Proposes New Video Paradigm : Disney Says No', 'url': 'https://www.forbes.com/sites/derekbaine/2023/09/03/charter-communications-proposes-new-video-paradigm--disney-says-no/', 'time_published': '20230904T000835', 'authors': ['Derek Baine'], 'summary': ""Cable network stocks tanked yesterday on the news that the Walt Disney Company was unable to reach a carriage agreement with the nation's number 2 cable operator Chart..."", 'banner_image': 'https://imageio.forbes.com/specials-images/imageserve/64f51da12ba4e6dcd985cc9c/0x0.jpg?format=jpg&width=1200', 'source': 'Forbes', 'category_within_source': 'Business', 'source_domain': 'www.forbes.com', 'topics': [{'topic': 'Technology', 'relevance_score': '1.0'}, {'topic': 'Financial Markets', 'relevance_score': '0.108179'}], 'overall_sentiment_score': 0.064858, 'overall_sentiment_label': 'Neutral', 'ticker_sentiment': [{'ticker': 'CHTR', 'relevance_score': '0.147216', 'ticker_sentiment_score': '-0.038298', 'ticker_sentiment_label': 'Neutral'}, {'ticker': 'DIS', 'relevance_score': '0.049322', 'ticker_sentiment_score': '-0.041073', 'ticker_sentiment_label': 'Neutral'}]}"
13,50,x <= -0.35: Bearish; -0.35 < x <= -0.15: Somewhat-Bearish; -0.15 < x < 0.15: Neutral; 0.15 <= x < 0.35: Somewhat_Bullish; x >= 0.35: Bullish,"0 < x <= 1, with a higher score indicating higher relevance.","{'title': 'Why Charter and Disney Are Fighting, and What It Means for Viewers', 'url': 'https://www.nytimes.com/2023/09/02/business/comcast-disney-spectrum-espn.html', 'time_published': '20230902T090341', 'authors': ['Benjamin Mullin'], 'summary': ""Millions of subscribers to Charter's Spectrum service cannot watch the U.S. Open or college football games this weekend, and the dispute has far-reaching implications for the industry."", 'banner_image': 'https://static01.nyt.com/images/2023/09/02/multimedia/02charter-disney-explainer-top-tvqj/02charter-disney-explainer-top-tvqj-articleLarge.jpg?quality=75&auto=webp&disable=upscale', 'source': 'New York Times', 'category_within_source': 'Business', 'source_domain': 'www.nytimes.com', 'topics': [{'topic': 'Technology', 'relevance_score': '1.0'}], 'overall_sentiment_score': -0.095663, 'overall_sentiment_label': 'Neutral', 'ticker_sentiment': [{'ticker': 'CHTR', 'relevance_score': '0.065327', 'ticker_sentiment_score': '-0.157306', 'ticker_sentiment_label': 'Somewhat-Bearish'}, {'ticker': 'GOOG', 'relevance_score': '0.065327', 'ticker_sentiment_score': '0.051146', 'ticker_sentiment_label': 'Neutral'}, {'ticker': 'DIS', 'relevance_score': '0.065327', 'ticker_sentiment_score': '-0.157306', 'ticker_sentiment_label': 'Somewhat-Bearish'}]}"
14,50,x <= -0.35: Bearish; -0.35 < x <= -0.15: Somewhat-Bearish; -0.15 < x < 0.15: Neutral; 0.15 <= x < 0.35: Somewhat_Bullish; x >= 0.35: Bullish,"0 < x <= 1, with a higher score indicating higher relevance.","{'title': 'Ahead of big sports weekend, dispute with Disney leaves millions of cable subscribers in the dark', 'url': 'https://apnews.com/article/disney-spectrum-cable-stations-cutoff-charter-e23fc3daa2b91df92ad9efe04bd79da0', 'time_published': '20230901T214100', 'authors': ['JOE REEDY', 'DAVID BAUDER'], 'summary': 'A company representing nearly 15 million cable subscribers and The Walt Disney Co. blamed each other Friday for a dispute that has cut off Disney-owned stations to viewers on the eve of a big sports weekend for U.S. Open tennis and college football fans.', 'banner_image': 'https://dims.apnews.com/dims4/default/a8217eb/2147483647/strip/true/crop/6000x3997+0+2/resize/599x399!/quality/90/?url=https%3A%2F%2Fassets.apnews.com%2Fd0%2F51%2F736d15fa14c93e8199b3b867c266%2F11d6ddaaaa8b402ab05503de1e39fd92', 'source': 'Associated Press', 'category_within_source': 'Business', 'source_domain': 'apnews.com', 'topics': [{'topic': 'Technology', 'relevance_score': '1.0'}, {'topic': 'Financial Markets', 'relevance_score': '0.108179'}], 'overall_sentiment_score': -0.083186, 'overall_sentiment_label': 'Neutral', 'ticker_sentiment': [{'ticker': 'CHTR', 'relevance_score': '0.166169', 'ticker_sentiment_score': '-0.267922', 'ticker_sentiment_label': 'Somewhat-Bearish'}, {'ticker': 'SPGI', 'relevance_score': '0.083541', 'ticker_sentiment_score': '-0.063335', 'ticker_sentiment_label': 'Neutral'}, {'ticker': 'DIS', 'relevance_score': '0.083541', 'ticker_sentiment_score': '-0.129569', 'ticker_sentiment_label': 'Neutral'}]}"
15,50,x <= -0.35: Bearish; -0.35 < x <= -0.15: Somewhat-Bearish; -0.15 < x < 0.15: Neutral; 0.15 <= x < 0.35: Somewhat_Bullish; x >= 0.35: Bullish,"0 < x <= 1, with a higher score indicating higher relevance.","{'title': 'US Open Tennis Betting Preview: Will Djokovic Make History Or Will Alcaraz Win Back-To-Back? - DraftKings  ( NASDAQ:DKNG ) , Walt Disney  ( NYSE:DIS ) ', 'url': 'https://www.benzinga.com/general/sports-betting/23/09/34183789/us-open-tennis-betting-preview-will-djokovic-make-history-or-will-alcaraz-win-back-to-back', 'time_published': '20230901T211159', 'authors': ['Chris Katje'], 'summary': ""The 143rd U.S. Open tennis tournament kicked off Aug. 28 and will see some of the top tennis players compete for Grand Slam titles. Unlike past years' tournaments, the 2023 tournament doesn't feature top names like Serena Williams, Roger Federer or Rafael Nadal."", 'banner_image': 'https://cdn.benzinga.com/files/images/story/2023/09/01/novak_djokovic_shutter.jpg?width=1200&height=800&fit=crop', 'source': 'Benzinga', 'category_within_source': 'General', 'source_domain': 'www.benzinga.com', 'topics': [], 'overall_sentiment_score': 0.329569, 'overall_sentiment_label': 'Somewhat-Bullish', 'ticker_sentiment': [{'ticker': 'DKNG', 'relevance_score': '0.139669', 'ticker_sentiment_score': '0.153734', 'ticker_sentiment_label': 'Somewhat-Bullish'}, {'ticker': 'DIS', 'relevance_score': '0.139669', 'ticker_sentiment_score': '0.0', 'ticker_sentiment_label': 'Neutral'}]}"
16,50,x <= -0.35: Bearish; -0.35 < x <= -0.15: Somewhat-Bearish; -0.15 < x < 0.15: Neutral; 0.15 <= x < 0.35: Somewhat_Bullish; x >= 0.35: Bullish,"0 < x <= 1, with a higher score indicating higher relevance.","{'title': 'Writers And Actors With Disabilities Host Picket Line Event To Advocate For Accurate On-Screen Representation', 'url': 'https://www.forbes.com/sites/anneeaston/2023/09/01/writers-and-actors-with-disabilities-host-picket-line-event-to-advocate-for-accurate-on-screen-representation/', 'time_published': '20230901T192730', 'authors': ['Anne Easton'], 'summary': ""At a special event, disabled writers and actors spoke about how Hollywood loves to tell their stories, but say that it's not being done authentically."", 'banner_image': 'https://imageio.forbes.com/specials-images/imageserve/64f236b68d0b468bb317eeab/0x0.jpg?format=jpg&width=1200', 'source': 'Forbes', 'category_within_source': 'Business', 'source_domain': 'www.forbes.com', 'topics': [], 'overall_sentiment_score': 0.052713, 'overall_sentiment_label': 'Neutral', 'ticker_sentiment': [{'ticker': 'DIS', 'relevance_score': '0.072655', 'ticker_sentiment_score': '0.0', 'ticker_sentiment_label': 'Neutral'}]}"
17,50,x <= -0.35: Bearish; -0.35 < x <= -0.15: Somewhat-Bearish; -0.15 < x < 0.15: Neutral; 0.15 <= x < 0.35: Somewhat_Bullish; x >= 0.35: Bullish,"0 < x <= 1, with a higher score indicating higher relevance.","{'title': 'US entertainment shares slide as Disney, Charter squabble over cable fees', 'url': 'https://www.reuters.com/business/media-telecom/us-entertainment-shares-slide-disney-charter-squabble-over-cable-fees-2023-09-01/', 'time_published': '20230901T175200', 'authors': ['Chibuike Oguh', 'Bansari Kamdar'], 'summary': '[1/2] A screen shows the logo and a ticker symbol for The Walt Disney Company on the floor of the New York Stock Exchange ( NYSE ) in New York, U.S., December 14, 2017. REUTERS/Brendan McDermid Acquire Licensing Rights', 'banner_image': 'https://s3.amazonaws.com/arc-authors/reuters/ead857d5-de0b-4c1a-8e87-301de723b0cc.jpg', 'source': 'Reuters', 'category_within_source': 'Business', 'source_domain': 'www.reuters.com', 'topics': [{'topic': 'Technology', 'relevance_score': '1.0'}, {'topic': 'Financial Markets', 'relevance_score': '0.538269'}], 'overall_sentiment_score': -0.111968, 'overall_sentiment_label': 'Neutral', 'ticker_sentiment': [{'ticker': 'CCZ', 'relevance_score': '0.092213', 'ticker_sentiment_score': '-0.124205', 'ticker_sentiment_label': 'Neutral'}, {'ticker': 'CHTR', 'relevance_score': '0.183198', 'ticker_sentiment_score': '-0.12757', 'ticker_sentiment_label': 'Neutral'}, {'ticker': 'PARA', 'relevance_score': '0.092213', 'ticker_sentiment_score': '-0.124205', 'ticker_sentiment_label': 'Neutral'}, {'ticker': 'DIS', 'relevance_score': '0.092213', 'ticker_sentiment_score': '0.0', 'ticker_sentiment_label': 'Neutral'}]}"
18,50,x <= -0.35: Bearish; -0.35 < x <= -0.15: Somewhat-Bearish; -0.15 < x < 0.15: Neutral; 0.15 <= x < 0.35: Somewhat_Bullish; x >= 0.35: Bullish,"0 < x <= 1, with a higher score indicating higher relevance.","{'title': 'Dell, Lululemon Athletica rise; Walgreens Boots Alliance, Olin fall, Friday, 9/1/2023', 'url': 'https://apnews.com/article/financial-markets-dell-lululemon-walgreens-21d3e54c1c8bf4ffa0d6c62bdccb94be', 'time_published': '20230901T170300', 'authors': [], 'summary': 'Dell, Lululemon Athletica rise. Walgreens Boots Alliance, Olin fall, Friday, 9/1/2023 The Associated Press ...', 'banner_image': 'https://dims.apnews.com/dims4/default/b2b162e/2147483647/strip/true/crop/4032x2686+0+169/resize/599x399!/quality/90/?url=https%3A%2F%2Fassets.apnews.com%2F5f%2F53%2F1dd2c8c3be08007c4d7e21d44b72%2F0dbb9e010e454101a8a721cd99fadc34', 'source': 'Associated Press', 'category_within_source': 'Markets', 'source_domain': 'apnews.com', 'topics': [{'topic': 'Retail & Wholesale', 'relevance_score': '0.333333'}, {'topic': 'Manufacturing', 'relevance_score': '0.333333'}, {'topic': 'Earnings', 'relevance_score': '0.495866'}, {'topic': 'Technology', 'relevance_score': '0.333333'}], 'overall_sentiment_score': 0.09829, 'overall_sentiment_label': 'Neutral', 'ticker_sentiment': [{'ticker': 'LULU', 'relevance_score': '0.391923', 'ticker_sentiment_score': '0.0', 'ticker_sentiment_label': 'Neutral'}, {'ticker': 'MDB', 'relevance_score': '0.391923', 'ticker_sentiment_score': '0.0', 'ticker_sentiment_label': 'Neutral'}, {'ticker': 'NTNX', 'relevance_score': '0.391923', 'ticker_sentiment_score': '0.0', 'ticker_sentiment_label': 'Neutral'}, {'ticker': 'DELL', 'relevance_score': '0.391923', 'ticker_sentiment_score': '0.0', 'ticker_sentiment_label': 'Neutral'}, {'ticker': 'DIS', 'relevance_score': '0.391923', 'ticker_sentiment_score': '0.0', 'ticker_sentiment_label': 'Neutral'}, {'ticker': 'WBA', 'relevance_score': '0.391923', 'ticker_sentiment_score': '0.0', 'ticker_sentiment_label': 'Neutral'}]}"
19,50,x <= -0.35: Bearish; -0.35 < x <= -0.15: Somewhat-Bearish; -0.15 < x < 0.15: Neutral; 0.15 <= x < 0.35: Somewhat_Bullish; x >= 0.35: Bullish,"0 < x <= 1, with a higher score indicating higher relevance.","{'title': ""One of the Biggest Cable Companies Says Cable TV Isn't Working"", 'url': 'https://www.nytimes.com/2023/09/01/business/charter-disney-cable-fight.html', 'time_published': '20230901T143721', 'authors': ['Benjamin Mullin'], 'summary': 'The company told investors Friday that its fraught negotiation with the Walt Disney Company was a sign of a larger problem with the traditional cable-TV business model.', 'banner_image': 'https://static01.nyt.com/images/2015/06/01/business/01BROKEN-CABLE-TOP/01BROKEN-CABLE-TOP-articleLarge-v2.jpg?quality=75&auto=webp&disable=upscale', 'source': 'New York Times', 'category_within_source': 'Dealbook', 'source_domain': 'www.nytimes.com', 'topics': [{'topic': 'Technology', 'relevance_score': '1.0'}], 'overall_sentiment_score': -0.102541, 'overall_sentiment_label': 'Neutral', 'ticker_sentiment': [{'ticker': 'NFLX', 'relevance_score': '0.064276', 'ticker_sentiment_score': '-0.099383', 'ticker_sentiment_label': 'Neutral'}, {'ticker': 'ROKU', 'relevance_score': '0.064276', 'ticker_sentiment_score': '0.063449', 'ticker_sentiment_label': 'Neutral'}, {'ticker': 'CCZ', 'relevance_score': '0.064276', 'ticker_sentiment_score': '-0.099383', 'ticker_sentiment_label': 'Neutral'}, {'ticker': 'CHTR', 'relevance_score': '0.128135', 'ticker_sentiment_score': '-0.154208', 'ticker_sentiment_label': 'Somewhat-Bearish'}, {'ticker': 'DIS', 'relevance_score': '0.064276', 'ticker_sentiment_score': '-0.069556', 'ticker_sentiment_label': 'Neutral'}]}"
20,50,x <= -0.35: Bearish; -0.35 < x <= -0.15: Somewhat-Bearish; -0.15 < x < 0.15: Neutral; 0.15 <= x < 0.35: Somewhat_Bullish; x >= 0.35: Bullish,"0 < x <= 1, with a higher score indicating higher relevance.","{'title': 'CHARTER COMMUNICATIONS PROVIDES UPDATE ON NEGOTIATIONS WITH THE WALT DISNEY COMPANY - Charter Communications  ( NASDAQ:CHTR ) ', 'url': 'https://www.benzinga.com/pressreleases/23/09/n34172359/charter-communications-provides-update-on-negotiations-with-the-walt-disney-company', 'time_published': '20230901T134500', 'authors': ['PRNewswire'], 'summary': 'STAMFORD, Conn., Sept. 1, 2023 /PRNewswire/ -- Charter Communications, Inc. ( along with its subsidiaries, the ""Company"" or ""Charter"" ) today provided an update on its contract negotiation dispute with The Walt Disney Company. Following are key highlights from the meeting.', 'banner_image': 'https://www.benzinga.com/next-assets/images/schema-image-default.png', 'source': 'Benzinga', 'category_within_source': 'General', 'source_domain': 'www.benzinga.com', 'topics': [{'topic': 'Earnings', 'relevance_score': '0.161647'}, {'topic': 'Technology', 'relevance_score': '1.0'}, {'topic': 'Financial Markets', 'relevance_score': '0.495866'}], 'overall_sentiment_score': 0.175781, 'overall_sentiment_label': 'Somewhat-Bullish', 'ticker_sentiment': [{'ticker': 'CHTR', 'relevance_score': '0.069798', 'ticker_sentiment_score': '-0.009086', 'ticker_sentiment_label': 'Neutral'}, {'ticker': 'DIS', 'relevance_score': '0.543441', 'ticker_sentiment_score': '0.345284', 'ticker_sentiment_label': 'Somewhat-Bullish'}]}"
21,50,x <= -0.35: Bearish; -0.35 < x <= -0.15: Somewhat-Bearish; -0.15 < x < 0.15: Neutral; 0.15 <= x < 0.35: Somewhat_Bullish; x >= 0.35: Bullish,"0 < x <= 1, with a higher score indicating higher relevance.","{'title': 'CHARTER COMMUNICATIONS PROVIDES UPDATE ON NEGOTIATIONS WITH THE WALT DISNEY COMPANY', 'url': 'https://www.prnewswire.com/news-releases/charter-communications-provides-update-on-negotiations-with-the-walt-disney-company-301915914.html', 'time_published': '20230901T134500', 'authors': ['Charter Communications', 'Inc.'], 'summary': ""At the September 1, 2023 Investor Webcast, Charter's CEO, CFO and President of Product and Technology Presented the Company's Vision for Evolving the Video Business, and Desire for The Walt Disney Company to Join the Company in Leading the Industry Towards a Customer-Centric Business Model"", 'banner_image': 'https://mma.prnewswire.com/media/76092/charter_communications_logo.jpg?p=facebook', 'source': 'PR Newswire', 'category_within_source': 'n/a', 'source_domain': 'www.prnewswire.com', 'topics': [{'topic': 'Earnings', 'relevance_score': '0.161647'}, {'topic': 'Technology', 'relevance_score': '1.0'}, {'topic': 'Financial Markets', 'relevance_score': '0.310843'}], 'overall_sentiment_score': 0.187059, 'overall_sentiment_label': 'Somewhat-Bullish', 'ticker_sentiment': [{'ticker': 'CHTR', 'relevance_score': '0.034185', 'ticker_sentiment_score': '-0.073793', 'ticker_sentiment_label': 'Neutral'}, {'ticker': 'DIS', 'relevance_score': '0.507107', 'ticker_sentiment_score': '0.27121', 'ticker_sentiment_label': 'Somewhat-Bullish'}]}"
22,50,x <= -0.35: Bearish; -0.35 < x <= -0.15: Somewhat-Bearish; -0.15 < x < 0.15: Neutral; 0.15 <= x < 0.35: Somewhat_Bullish; x >= 0.35: Bullish,"0 < x <= 1, with a higher score indicating higher relevance.","{'title': 'Charter Communications says Disney declined distribution proposal', 'url': 'https://www.reuters.com/business/media-telecom/charter-communications-says-disney-declined-distribution-proposal-2023-09-01/', 'time_published': '20230901T115600', 'authors': ['Reuters'], 'summary': 'A screen shows the logo and a ticker symbol for The Walt Disney Company on the floor of the New York Stock Exchange ( NYSE ) in New York, U.S., December 14, 2017. REUTERS/Brendan McDermid/File Photo Acquire Licensing Rights', 'banner_image': 'https://cloudfront-us-east-2.images.arcpublishing.com/reuters/ZYZSIA5LEVP6LAJ757BBTT3JF4.jpg', 'source': 'Reuters', 'category_within_source': 'Business', 'source_domain': 'www.reuters.com', 'topics': [{'topic': 'Earnings', 'relevance_score': '0.158519'}, {'topic': 'Technology', 'relevance_score': '1.0'}, {'topic': 'Financial Markets', 'relevance_score': '0.360215'}], 'overall_sentiment_score': 0.004682, 'overall_sentiment_label': 'Neutral', 'ticker_sentiment': [{'ticker': 'CHTR', 'relevance_score': '0.345674', 'ticker_sentiment_score': '0.012462', 'ticker_sentiment_label': 'Neutral'}, {'ticker': 'DIS', 'relevance_score': '0.345674', 'ticker_sentiment_score': '0.0', 'ticker_sentiment_label': 'Neutral'}]}"
23,50,x <= -0.35: Bearish; -0.35 < x <= -0.15: Somewhat-Bearish; -0.15 < x < 0.15: Neutral; 0.15 <= x < 0.35: Somewhat_Bullish; x >= 0.35: Bullish,"0 < x <= 1, with a higher score indicating higher relevance.","{'title': ""Walt Disney adds third Shanghai hotel in show of US 'soft power'"", 'url': 'https://www.scmp.com/business/china-business/article/3233080/walt-disney-breaks-ground-third-themed-hotel-shanghai-resort-display-us-soft-power-after-raimondo', 'time_published': '20230901T073013', 'authors': ['Zhang Shidong'], 'summary': ""The expansion is the latest sign that China's 5 trillion yuan (US$688.2 billion) tourism industry is on the mend after authorities scrapped all the Covid-19 travel and quarantine rules late last year."", 'banner_image': 'https://cdn.i-scmp.com/sites/default/files/d8/images/canvas/2023/09/01/8a08945c-08b5-4636-8f4f-07f58b271016_d4ad561b.jpg', 'source': 'South China Morning Post', 'category_within_source': 'Companies', 'source_domain': 'www.scmp.com', 'topics': [], 'overall_sentiment_score': 0.056495, 'overall_sentiment_label': 'Neutral', 'ticker_sentiment': [{'ticker': 'DIS', 'relevance_score': '0.073098', 'ticker_sentiment_score': '0.047635', 'ticker_sentiment_label': 'Neutral'}]}"
24,50,x <= -0.35: Bearish; -0.35 < x <= -0.15: Somewhat-Bearish; -0.15 < x < 0.15: Neutral; 0.15 <= x < 0.35: Somewhat_Bullish; x >= 0.35: Bullish,"0 < x <= 1, with a higher score indicating higher relevance.","{'title': 'Disney, Charter in talks for new distribution agreement', 'url': 'https://www.reuters.com/business/media-telecom/disney-charter-talks-new-distribution-agreement-2023-09-01/', 'time_published': '20230901T040322', 'authors': ['Reuters'], 'summary': 'A screen shows the logo and a ticker symbol for The Walt Disney Company on the floor of the New York Stock Exchange ( NYSE ) in New York, U.S., December 14, 2017. REUTERS/Brendan McDermid/File Photo Acquire Licensing Rights', 'banner_image': 'https://cloudfront-us-east-2.images.arcpublishing.com/reuters/ZYZSIA5LEVP6LAJ757BBTT3JF4.jpg', 'source': 'Reuters', 'category_within_source': 'Business', 'source_domain': 'www.reuters.com', 'topics': [{'topic': 'Technology', 'relevance_score': '1.0'}, {'topic': 'Financial Markets', 'relevance_score': '0.360215'}], 'overall_sentiment_score': 0.070488, 'overall_sentiment_label': 'Neutral', 'ticker_sentiment': [{'ticker': 'CHTR', 'relevance_score': '0.295867', 'ticker_sentiment_score': '0.118371', 'ticker_sentiment_label': 'Neutral'}, {'ticker': 'DIS', 'relevance_score': '0.150592', 'ticker_sentiment_score': '0.0', 'ticker_sentiment_label': 'Neutral'}]}"
25,50,x <= -0.35: Bearish; -0.35 < x <= -0.15: Somewhat-Bearish; -0.15 < x < 0.15: Neutral; 0.15 <= x < 0.35: Somewhat_Bullish; x >= 0.35: Bullish,"0 < x <= 1, with a higher score indicating higher relevance.","{'title': 'ESPN networks go dark on Charter Spectrum cable systems on busy night for sports', 'url': 'https://apnews.com/article/espn-utah-florida-us-open-eac1075ffa5a9a064acdc85f8cc2644c', 'time_published': '20230901T015900', 'authors': ['JOE REEDY'], 'summary': ""ESPN is among a number of Disney Entertainment channels that have gone dark on Charter Spectrum cable systems. The channels went off the air Thursday night due to a carriage dispute between the nation's second-largest cable TV provider - which is the major carrier in New York and Los Angeles, ..."", 'banner_image': 'https://dims.apnews.com/dims4/default/b85288f/2147483647/strip/true/crop/7692x5124+0+2/resize/599x399!/quality/90/?url=https%3A%2F%2Fassets.apnews.com%2Fff%2Fe9%2F6b61cd01c7188f48dba9d82ef50e%2F17c27c3e49a34f30a0cb93cd91b79c52', 'source': 'Associated Press', 'category_within_source': 'Markets', 'source_domain': 'apnews.com', 'topics': [], 'overall_sentiment_score': 0.041277, 'overall_sentiment_label': 'Neutral', 'ticker_sentiment': [{'ticker': 'SPGI', 'relevance_score': '0.085022', 'ticker_sentiment_score': '0.0', 'ticker_sentiment_label': 'Neutral'}, {'ticker': 'DIS', 'relevance_score': '0.085022', 'ticker_sentiment_score': '0.0', 'ticker_sentiment_label': 'Neutral'}]}"
26,50,x <= -0.35: Bearish; -0.35 < x <= -0.15: Somewhat-Bearish; -0.15 < x < 0.15: Neutral; 0.15 <= x < 0.35: Somewhat_Bullish; x >= 0.35: Bullish,"0 < x <= 1, with a higher score indicating higher relevance.","{'title': ""EXCLUSIVE: Cathie Wood's Sports Betting Gamble - DraftKings Or Penn Entertainment? - DraftKings  ( NASDAQ:DKNG ) "", 'url': 'https://www.benzinga.com/general/sports-betting/23/08/34116254/exclusive-cathie-woods-sports-betting-gamble-draftkings-or-penn-entertainment', 'time_published': '20230831T155027', 'authors': ['Chris Katje'], 'summary': ""The sports betting world was shocked in August when PENN Entertainment PENN announced a licensing deal with The Walt Disney Company DIS to launch ESPN Bet in the fall. Here's what Cathie Wood's take is on the deal - and whether Penn can compete with DraftKings Inc DKNG."", 'banner_image': 'https://cdn.benzinga.com/files/images/story/2023/08/31/cathie_wood_draftkings_shutter2.jpg?width=1200&height=800&fit=crop', 'source': 'Benzinga', 'category_within_source': 'General', 'source_domain': 'www.benzinga.com', 'topics': [{'topic': 'Real Estate & Construction', 'relevance_score': '1.0'}, {'topic': 'Blockchain', 'relevance_score': '0.158519'}, {'topic': 'Financial Markets', 'relevance_score': '0.986714'}], 'overall_sentiment_score': 0.097149, 'overall_sentiment_label': 'Neutral', 'ticker_sentiment': [{'ticker': 'DKNG', 'relevance_score': '0.794663', 'ticker_sentiment_score': '0.27923', 'ticker_sentiment_label': 'Somewhat-Bullish'}, {'ticker': 'GENI', 'relevance_score': '0.187705', 'ticker_sentiment_score': '0.052923', 'ticker_sentiment_label': 'Neutral'}, {'ticker': 'PENN', 'relevance_score': '0.307731', 'ticker_sentiment_score': '0.060792', 'ticker_sentiment_label': 'Neutral'}, {'ticker': 'PDYPF', 'relevance_score': '0.063091', 'ticker_sentiment_score': '0.158141', 'ticker_sentiment_label': 'Somewhat-Bullish'}, {'ticker': 'DIS', 'relevance_score': '0.125789', 'ticker_sentiment_score': '-0.183212', 'ticker_sentiment_label': 'Somewhat-Bearish'}]}"
27,50,x <= -0.35: Bearish; -0.35 < x <= -0.15: Somewhat-Bearish; -0.15 < x < 0.15: Neutral; 0.15 <= x < 0.35: Somewhat_Bullish; x >= 0.35: Bullish,"0 < x <= 1, with a higher score indicating higher relevance.","{'title': 'Apple wants to be a force in live sports. Buying ESPN could be the answer.', 'url': 'https://www.marketwatch.com/story/apple-wants-to-be-a-force-in-live-sports-buying-espn-could-be-the-answer-a48b5cf4', 'time_published': '20230830T184500', 'authors': ['Michael McCarthy'], 'summary': 'Wedbush Securities analyst Dan Ives raised eyebrows this week by declaring it a ""no-brainer"" for Apple to acquire ESPN from The Walt Disney Co. at a potential price of $50 billion.', 'banner_image': 'https://images.mktw.net/im-782089/social', 'source': 'MarketWatch', 'category_within_source': 'Top Stories', 'source_domain': 'www.marketwatch.com', 'topics': [{'topic': 'Real Estate & Construction', 'relevance_score': '0.5'}, {'topic': 'Technology', 'relevance_score': '0.5'}, {'topic': 'Financial Markets', 'relevance_score': '0.538269'}], 'overall_sentiment_score': 0.096924, 'overall_sentiment_label': 'Neutral', 'ticker_sentiment': [{'ticker': 'DKNG', 'relevance_score': '0.02866', 'ticker_sentiment_score': '0.058505', 'ticker_sentiment_label': 'Neutral'}, {'ticker': 'PENN', 'relevance_score': '0.02866', 'ticker_sentiment_score': '-0.030465', 'ticker_sentiment_label': 'Neutral'}, {'ticker': 'GOOG', 'relevance_score': '0.02866', 'ticker_sentiment_score': '-0.055962', 'ticker_sentiment_label': 'Neutral'}, {'ticker': 'VZ', 'relevance_score': '0.02866', 'ticker_sentiment_score': '-0.031718', 'ticker_sentiment_label': 'Neutral'}, {'ticker': 'DIS', 'relevance_score': '0.057284', 'ticker_sentiment_score': '0.037953', 'ticker_sentiment_label': 'Neutral'}]}"
28,50,x <= -0.35: Bearish; -0.35 < x <= -0.15: Somewhat-Bearish; -0.15 < x < 0.15: Neutral; 0.15 <= x < 0.35: Somewhat_Bullish; x >= 0.35: Bullish,"0 < x <= 1, with a higher score indicating higher relevance.","{'title': 'Paper comic books market to grow by USD 818.03 million from 2022 to 2027 | The growing number of partnerships is shaping the market growth - Technavio', 'url': 'https://www.benzinga.com/pressreleases/23/08/n34115885/paper-comic-books-market-to-grow-by-usd-818-03-million-from-2022-to-2027-the-growing-number-of-par', 'time_published': '20230830T140100', 'authors': ['PRNewswire'], 'summary': 'NEW YORK, Aug. 30, 2023 /PRNewswire/ -- The paper comic books market size is estimated to grow at a CAGR of 2.01% between 2022 and 2027. The market size is forecast to increase by USD 818.03 million. The growing number of partnerships is the primary trend shaping the paper comic books market.', 'banner_image': 'https://www.benzinga.com/next-assets/images/schema-image-default.png', 'source': 'Benzinga', 'category_within_source': 'General', 'source_domain': 'www.benzinga.com', 'topics': [], 'overall_sentiment_score': 0.292255, 'overall_sentiment_label': 'Somewhat-Bullish', 'ticker_sentiment': [{'ticker': 'KDKWF', 'relevance_score': '0.039745', 'ticker_sentiment_score': '0.149243', 'ticker_sentiment_label': 'Neutral'}, {'ticker': 'IDWM', 'relevance_score': '0.039745', 'ticker_sentiment_score': '0.149243', 'ticker_sentiment_label': 'Neutral'}, {'ticker': 'THQQF', 'relevance_score': '0.039745', 'ticker_sentiment_score': '0.149243', 'ticker_sentiment_label': 'Neutral'}, {'ticker': 'DIS', 'relevance_score': '0.039745', 'ticker_sentiment_score': '0.149243', 'ticker_sentiment_label': 'Neutral'}]}"
29,50,x <= -0.35: Bearish; -0.35 < x <= -0.15: Somewhat-Bearish; -0.15 < x < 0.15: Neutral; 0.15 <= x < 0.35: Somewhat_Bullish; x >= 0.35: Bullish,"0 < x <= 1, with a higher score indicating higher relevance.","{'title': 'MetaMedia Named Exclusive Livestreaming Partner for ESPN and Theater Sports Network Partnership to Livestream NCAA College Football Games Into U.S. Cinemas', 'url': 'https://www.benzinga.com/pressreleases/23/08/n34105328/metamedia-named-exclusive-livestreaming-partner-for-espn-and-theater-sports-network-partnership-to', 'time_published': '20230830T004100', 'authors': ['PRNewswire'], 'summary': ""LOS ANGELES, Aug. 29, 2023 /PRNewswire/ -- MetaMedia, the world's first global entertainment platform that delivers movies, premium content and live events to cinemas and other venues, today announced that the company will serve as the exclusive livestreaming partner for Theater Sports Network ..."", 'banner_image': 'https://www.benzinga.com/next-assets/images/schema-image-default.png', 'source': 'Benzinga', 'category_within_source': 'General', 'source_domain': 'www.benzinga.com', 'topics': [{'topic': 'Finance', 'relevance_score': '1.0'}], 'overall_sentiment_score': 0.302326, 'overall_sentiment_label': 'Somewhat-Bullish', 'ticker_sentiment': [{'ticker': 'ALL', 'relevance_score': '0.059049', 'ticker_sentiment_score': '0.199017', 'ticker_sentiment_label': 'Somewhat-Bullish'}, {'ticker': 'CNK', 'relevance_score': '0.059049', 'ticker_sentiment_score': '0.173006', 'ticker_sentiment_label': 'Somewhat-Bullish'}, {'ticker': 'BSEG', 'relevance_score': '0.059049', 'ticker_sentiment_score': '0.155001', 'ticker_sentiment_label': 'Somewhat-Bullish'}, {'ticker': 'GBHL', 'relevance_score': '0.117774', 'ticker_sentiment_score': '0.118026', 'ticker_sentiment_label': 'Neutral'}, {'ticker': 'DIS', 'relevance_score': '0.059049', 'ticker_sentiment_score': '0.142', 'ticker_sentiment_label': 'Neutral'}]}"
30,50,x <= -0.35: Bearish; -0.35 < x <= -0.15: Somewhat-Bearish; -0.15 < x < 0.15: Neutral; 0.15 <= x < 0.35: Somewhat_Bullish; x >= 0.35: Bullish,"0 < x <= 1, with a higher score indicating higher relevance.","{'title': 'United States Anime Merchandising Markets Report 2023-2030: Streaming Platforms Influence & Enthusiastic Fan Base Propels Growth', 'url': 'https://www.benzinga.com/pressreleases/23/08/n34104536/united-states-anime-merchandising-markets-report-2023-2030-streaming-platforms-influence-enthusias', 'time_published': '20230829T223000', 'authors': ['PRNewswire'], 'summary': 'Dublin, Aug. 29, 2023 /PRNewswire/ -- The ""U.S. Anime Merchandising Market Size, Share & Trends Analysis Report By Product ( Figurine, Clothing, Books, Posters ) , By Distribution Channel ( E-Commerce, Brick & Mortar ) , And Segment Forecasts, 2023 - 2030"" report has been added to ...', 'banner_image': 'https://www.benzinga.com/next-assets/images/schema-image-default.png', 'source': 'Benzinga', 'category_within_source': 'General', 'source_domain': 'www.benzinga.com', 'topics': [{'topic': 'Technology', 'relevance_score': '1.0'}], 'overall_sentiment_score': 0.332509, 'overall_sentiment_label': 'Somewhat-Bullish', 'ticker_sentiment': [{'ticker': 'NFLX', 'relevance_score': '0.044634', 'ticker_sentiment_score': '0.237908', 'ticker_sentiment_label': 'Somewhat-Bullish'}, {'ticker': 'SNEJF', 'relevance_score': '0.044634', 'ticker_sentiment_score': '0.289054', 'ticker_sentiment_label': 'Somewhat-Bullish'}, {'ticker': 'NCBDF', 'relevance_score': '0.044634', 'ticker_sentiment_score': '0.164845', 'ticker_sentiment_label': 'Somewhat-Bullish'}, {'ticker': 'AMCX', 'relevance_score': '0.044634', 'ticker_sentiment_score': '0.289054', 'ticker_sentiment_label': 'Somewhat-Bullish'}, {'ticker': 'DIS', 'relevance_score': '0.044634', 'ticker_sentiment_score': '0.289054', 'ticker_sentiment_label': 'Somewhat-Bullish'}, {'ticker': 'LGF-A', 'relevance_score': '0.044634', 'ticker_sentiment_score': '0.289054', 'ticker_sentiment_label': 'Somewhat-Bullish'}]}"
31,50,x <= -0.35: Bearish; -0.35 < x <= -0.15: Somewhat-Bearish; -0.15 < x < 0.15: Neutral; 0.15 <= x < 0.35: Somewhat_Bullish; x >= 0.35: Bullish,"0 < x <= 1, with a higher score indicating higher relevance.","{'title': ""Disney Struggles As Stock Falls To 9-Year-Low And Park Attendance Slows - Wall Street Asks, 'Why Not Make A Clean Break?'"", 'url': 'https://www.benzinga.com/news/23/08/34097653/disney-struggles-as-stock-falls-to-9-year-low-and-park-attendance-slows-wall-street-asks-why-not-mak', 'time_published': '20230829T170012', 'authors': ['Jeannine Mancini'], 'summary': 'In 2019, The Walt Disney Co. celebrated several major successes, including the launch of Disney+ with 10 million subscribers on Day 1, a massive $71 billion acquisition of Fox\'s entertainment assets and the release of ""Avengers: Endgame,"" the second-highest-grossing movie ever.', 'banner_image': 'https://cdn.benzinga.com/files/images/story/2023/Walt_Disney_Mickey_Mouse_3.jpeg?width=1200&height=800&fit=crop', 'source': 'Benzinga', 'category_within_source': 'News', 'source_domain': 'www.benzinga.com', 'topics': [{'topic': 'IPO', 'relevance_score': '0.158519'}, {'topic': 'Financial Markets', 'relevance_score': '0.796627'}, {'topic': 'Earnings', 'relevance_score': '0.495866'}, {'topic': 'Real Estate & Construction', 'relevance_score': '0.333333'}, {'topic': 'Technology', 'relevance_score': '0.333333'}, {'topic': 'Finance', 'relevance_score': '0.333333'}], 'overall_sentiment_score': 0.139461, 'overall_sentiment_label': 'Neutral', 'ticker_sentiment': [{'ticker': 'PENN', 'relevance_score': '0.053629', 'ticker_sentiment_score': '0.227842', 'ticker_sentiment_label': 'Somewhat-Bullish'}, {'ticker': 'ABNB', 'relevance_score': '0.107016', 'ticker_sentiment_score': '0.115037', 'ticker_sentiment_label': 'Neutral'}, {'ticker': 'BAC', 'relevance_score': '0.053629', 'ticker_sentiment_score': '0.110338', 'ticker_sentiment_label': 'Neutral'}, {'ticker': 'PARA', 'relevance_score': '0.053629', 'ticker_sentiment_score': '-0.080954', 'ticker_sentiment_label': 'Neutral'}, {'ticker': 'DIS', 'relevance_score': '0.053629', 'ticker_sentiment_score': '0.289935', 'ticker_sentiment_label': 'Somewhat-Bullish'}]}"
32,50,x <= -0.35: Bearish; -0.35 < x <= -0.15: Somewhat-Bearish; -0.15 < x < 0.15: Neutral; 0.15 <= x < 0.35: Somewhat_Bullish; x >= 0.35: Bullish,"0 < x <= 1, with a higher score indicating higher relevance.","{'title': 'Ahsoka Streaming Estimates Are In: Was The Force Strong For New Disney+ Series? - Walt Disney  ( NYSE:DIS ) ', 'url': 'https://www.benzinga.com/general/entertainment/23/08/34093249/ahsoka-streaming-estimates-are-in-was-the-force-strong-for-new-disney-series', 'time_published': '20230829T153701', 'authors': ['Chris Katje'], 'summary': 'Media giant The Walt Disney Company DIS continues to work on boosting its subscriber count and subscription revenue from its Disney+ streaming platform, which ended the third quarter with 105.7 million subscribers. Estimates for the company\'s new Star Wars series ""Ahsoka"" are in.', 'banner_image': 'https://cdn.benzinga.com/files/images/story/2023/08/29/star_wars_disney.jpg?width=1200&height=800&fit=crop', 'source': 'Benzinga', 'category_within_source': 'General', 'source_domain': 'www.benzinga.com', 'topics': [], 'overall_sentiment_score': 0.024127, 'overall_sentiment_label': 'Neutral', 'ticker_sentiment': [{'ticker': 'NFLX', 'relevance_score': '0.245339', 'ticker_sentiment_score': '-0.128925', 'ticker_sentiment_label': 'Neutral'}, {'ticker': 'DIS', 'relevance_score': '0.245339', 'ticker_sentiment_score': '0.252572', 'ticker_sentiment_label': 'Somewhat-Bullish'}]}"
33,50,x <= -0.35: Bearish; -0.35 < x <= -0.15: Somewhat-Bearish; -0.15 < x < 0.15: Neutral; 0.15 <= x < 0.35: Somewhat_Bullish; x >= 0.35: Bullish,"0 < x <= 1, with a higher score indicating higher relevance.","{'title': 'Walt Disney Pictures VFX workers file for unionization | Business', 'url': 'https://www.cnn.com/2023/08/28/business/disney-vfx-employees-union-iatse/index.html', 'time_published': '20230828T182700', 'authors': ['Ramishah Maruf'], 'summary': 'Walt Disney Pictures VFX workers file for unionization ...', 'banner_image': 'https://media.cnn.com/api/v1/images/stellar/prod/230828132733-walt-disney-headquarters-restricted.jpg?c=16x9&q=w_800,c_fill', 'source': 'CNN', 'category_within_source': 'Economy', 'source_domain': 'www.cnn.com', 'topics': [], 'overall_sentiment_score': 0.054051, 'overall_sentiment_label': 'Neutral', 'ticker_sentiment': [{'ticker': 'WBD', 'relevance_score': '0.142565', 'ticker_sentiment_score': '0.174079', 'ticker_sentiment_label': 'Somewhat-Bullish'}, {'ticker': 'DIS', 'relevance_score': '0.142565', 'ticker_sentiment_score': '0.174079', 'ticker_sentiment_label': 'Somewhat-Bullish'}]}"
34,50,x <= -0.35: Bearish; -0.35 < x <= -0.15: Somewhat-Bearish; -0.15 < x < 0.15: Neutral; 0.15 <= x < 0.35: Somewhat_Bullish; x >= 0.35: Bullish,"0 < x <= 1, with a higher score indicating higher relevance.","{'title': 'Walt Disney Pictures VFX workers file for unionization | Business', 'url': 'https://edition.cnn.com/2023/08/28/business/disney-vfx-employees-union-iatse/index.html', 'time_published': '20230828T182700', 'authors': ['Ramishah Maruf'], 'summary': 'Walt Disney Pictures VFX workers file for unionization CNN International ...', 'banner_image': 'https://media.cnn.com/api/v1/images/stellar/prod/230828132733-walt-disney-headquarters-restricted.jpg?c=16x9&q=w_800,c_fill', 'source': 'CNN', 'category_within_source': 'Economy', 'source_domain': 'edition.cnn.com', 'topics': [], 'overall_sentiment_score': 0.054051, 'overall_sentiment_label': 'Neutral', 'ticker_sentiment': [{'ticker': 'WBD', 'relevance_score': '0.142565', 'ticker_sentiment_score': '0.174079', 'ticker_sentiment_label': 'Somewhat-Bullish'}, {'ticker': 'DIS', 'relevance_score': '0.142565', 'ticker_sentiment_score': '0.174079', 'ticker_sentiment_label': 'Somewhat-Bullish'}]}"
35,50,x <= -0.35: Bearish; -0.35 < x <= -0.15: Somewhat-Bearish; -0.15 < x < 0.15: Neutral; 0.15 <= x < 0.35: Somewhat_Bullish; x >= 0.35: Bullish,"0 < x <= 1, with a higher score indicating higher relevance.","{'title': 'Best Stocks To Invest In Right Now? 2 Consumer Discretionary Stocks To Watch', 'url': 'https://stockmarket.com/featured/best-stocks-to-invest-in-right-now-2-consumer-discretionary-stocks-to-watch-2023-08-28', 'time_published': '20230828T143507', 'authors': ['Josh Dylan'], 'summary': 'The consumer discretionary sector is a category of the economy comprising businesses that sell non-essential goods and services. Unlike consumer staples, which include necessities like food and healthcare, discretionary products and services are often luxury items or activities.', 'banner_image': 'https://u3j7m9h7.rocketcdn.me/wp-content/uploads/2020/12/SBUX-stock.jpg', 'source': 'StockMarket.com', 'category_within_source': 'n/a', 'source_domain': 'stockmarket.com', 'topics': [{'topic': 'Earnings', 'relevance_score': '0.998333'}, {'topic': 'Retail & Wholesale', 'relevance_score': '1.0'}, {'topic': 'Financial Markets', 'relevance_score': '0.999701'}], 'overall_sentiment_score': 0.171691, 'overall_sentiment_label': 'Somewhat-Bullish', 'ticker_sentiment': [{'ticker': 'SBUX', 'relevance_score': '0.258351', 'ticker_sentiment_score': '0.181437', 'ticker_sentiment_label': 'Somewhat-Bullish'}, {'ticker': 'DIS', 'relevance_score': '0.195287', 'ticker_sentiment_score': '0.150067', 'ticker_sentiment_label': 'Somewhat-Bullish'}]}"
36,50,x <= -0.35: Bearish; -0.35 < x <= -0.15: Somewhat-Bearish; -0.15 < x < 0.15: Neutral; 0.15 <= x < 0.35: Somewhat_Bullish; x >= 0.35: Bullish,"0 < x <= 1, with a higher score indicating higher relevance.","{'title': 'PlayOn! Sports Adds Michael Paull and Heather Friedland to its Board of Directors', 'url': 'https://www.prnewswire.com/news-releases/playon-sports-adds-michael-paull-and-heather-friedland-to-its-board-of-directors-301911258.html', 'time_published': '20230828T140000', 'authors': ['PlayOn! Sports'], 'summary': 'The accomplished executives bring significant media and technology expertise to drive future growth and innovation.', 'banner_image': 'https://mma.prnewswire.com/media/1882582/PlayOn_Sports_Logo.jpg?p=facebook', 'source': 'PR Newswire', 'category_within_source': 'n/a', 'source_domain': 'www.prnewswire.com', 'topics': [{'topic': 'Technology', 'relevance_score': '1.0'}], 'overall_sentiment_score': 0.317806, 'overall_sentiment_label': 'Somewhat-Bullish', 'ticker_sentiment': [{'ticker': 'MSFT', 'relevance_score': '0.075397', 'ticker_sentiment_score': '0.111985', 'ticker_sentiment_label': 'Neutral'}, {'ticker': 'SNEJF', 'relevance_score': '0.150122', 'ticker_sentiment_score': '0.165338', 'ticker_sentiment_label': 'Somewhat-Bullish'}, {'ticker': 'EBAY', 'relevance_score': '0.150122', 'ticker_sentiment_score': '0.143202', 'ticker_sentiment_label': 'Neutral'}, {'ticker': 'DIS', 'relevance_score': '0.075397', 'ticker_sentiment_score': '0.129342', 'ticker_sentiment_label': 'Neutral'}]}"
37,50,x <= -0.35: Bearish; -0.35 < x <= -0.15: Somewhat-Bearish; -0.15 < x < 0.15: Neutral; 0.15 <= x < 0.35: Somewhat_Bullish; x >= 0.35: Bullish,"0 < x <= 1, with a higher score indicating higher relevance.","{'title': 'PlayOn! Sports Adds Michael Paull and Heather Friedland to its Board of Directors', 'url': 'https://www.benzinga.com/pressreleases/23/08/n34068896/playon-sports-adds-michael-paull-and-heather-friedland-to-its-board-of-directors', 'time_published': '20230828T140000', 'authors': ['PRNewswire'], 'summary': 'The accomplished executives bring significant media and technology expertise to drive future growth and innovation.', 'banner_image': 'https://www.benzinga.com/next-assets/images/schema-image-default.png', 'source': 'Benzinga', 'category_within_source': 'General', 'source_domain': 'www.benzinga.com', 'topics': [{'topic': 'Technology', 'relevance_score': '1.0'}], 'overall_sentiment_score': 0.313455, 'overall_sentiment_label': 'Somewhat-Bullish', 'ticker_sentiment': [{'ticker': 'MSFT', 'relevance_score': '0.072435', 'ticker_sentiment_score': '0.11147', 'ticker_sentiment_label': 'Neutral'}, {'ticker': 'SNEJF', 'relevance_score': '0.144275', 'ticker_sentiment_score': '0.161494', 'ticker_sentiment_label': 'Somewhat-Bullish'}, {'ticker': 'EBAY', 'relevance_score': '0.144275', 'ticker_sentiment_score': '0.139857', 'ticker_sentiment_label': 'Neutral'}, {'ticker': 'DIS', 'relevance_score': '0.072435', 'ticker_sentiment_score': '0.128742', 'ticker_sentiment_label': 'Neutral'}]}"
38,50,x <= -0.35: Bearish; -0.35 < x <= -0.15: Somewhat-Bearish; -0.15 < x < 0.15: Neutral; 0.15 <= x < 0.35: Somewhat_Bullish; x >= 0.35: Bullish,"0 < x <= 1, with a higher score indicating higher relevance.","{'title': 'Disney firefighters push back against DeSantis board appointees over decision to end free park passes', 'url': 'https://www.businessinsider.com/disney-firefighters-upset-desantis-board-free-park-passes-reedy-district-2023-8', 'time_published': '20230827T165900', 'authors': ['John L. Dorman'], 'summary': ""Disney firefighters upset that DeSantis' board halted free park passes - Business Insider ..."", 'banner_image': None, 'source': 'Business Insider', 'category_within_source': 'GoogleRSS', 'source_domain': 'www.businessinsider.com', 'topics': [], 'overall_sentiment_score': -0.016963, 'overall_sentiment_label': 'Neutral', 'ticker_sentiment': [{'ticker': 'DIS', 'relevance_score': '0.064449', 'ticker_sentiment_score': '-0.030401', 'ticker_sentiment_label': 'Neutral'}]}"
39,50,x <= -0.35: Bearish; -0.35 < x <= -0.15: Somewhat-Bearish; -0.15 < x < 0.15: Neutral; 0.15 <= x < 0.35: Somewhat_Bullish; x >= 0.35: Bullish,"0 < x <= 1, with a higher score indicating higher relevance.","{'title': 'Q2 Earnings & Market Sell-Off Impact: 5 Must-See ETF Charts', 'url': 'https://www.zacks.com/stock/news/2140941/q2-earnings-market-sell-off-impact-5-must-see-etf-charts', 'time_published': '20230825T154600', 'authors': ['Sweta Killa'], 'summary': ""Let's delve into some of the best ETF charts of Q2 earnings."", 'banner_image': 'https://staticx-tuner.zacks.com/images/articles/main/84/124.jpg', 'source': 'Zacks Commentary', 'category_within_source': 'n/a', 'source_domain': 'www.zacks.com', 'topics': [{'topic': 'Life Sciences', 'relevance_score': '0.5'}, {'topic': 'Economy - Fiscal', 'relevance_score': '0.158519'}, {'topic': 'Financial Markets', 'relevance_score': '1.0'}, {'topic': 'Earnings', 'relevance_score': '1.0'}, {'topic': 'Finance', 'relevance_score': '0.5'}], 'overall_sentiment_score': 0.112573, 'overall_sentiment_label': 'Neutral', 'ticker_sentiment': [{'ticker': 'IVZ', 'relevance_score': '0.120834', 'ticker_sentiment_score': '0.170068', 'ticker_sentiment_label': 'Somewhat-Bullish'}, {'ticker': 'LLY', 'relevance_score': '0.120834', 'ticker_sentiment_score': '0.20179', 'ticker_sentiment_label': 'Somewhat-Bullish'}, {'ticker': 'DIS', 'relevance_score': '0.080728', 'ticker_sentiment_score': '0.026402', 'ticker_sentiment_label': 'Neutral'}]}"
40,50,x <= -0.35: Bearish; -0.35 < x <= -0.15: Somewhat-Bearish; -0.15 < x < 0.15: Neutral; 0.15 <= x < 0.35: Somewhat_Bullish; x >= 0.35: Bullish,"0 < x <= 1, with a higher score indicating higher relevance.","{'title': 'The Zacks Analyst Blog Highlights Procter & Gamble, AbbVie, The Walt Disney, HSBC Holdings and Duke Energy', 'url': 'https://www.zacks.com/stock/news/2140809/the-zacks-analyst-blog-highlights-procter-gamble-abbvie-the-walt-disney-hsbc-holdings-and-duke-energy', 'time_published': '20230825T132100', 'authors': ['Zacks Equity Research'], 'summary': 'Procter & Gamble, AbbVie, The Walt Disney, HSBC Holdings and Duke Energy are part of the Zacks top Analyst Blog.', 'banner_image': 'https://staticx-tuner.zacks.com/images/articles/main/f6/446.jpg', 'source': 'Zacks Commentary', 'category_within_source': 'n/a', 'source_domain': 'www.zacks.com', 'topics': [{'topic': 'Economy - Monetary', 'relevance_score': '0.158519'}, {'topic': 'Life Sciences', 'relevance_score': '0.333333'}, {'topic': 'Energy & Transportation', 'relevance_score': '0.333333'}, {'topic': 'Finance', 'relevance_score': '0.333333'}], 'overall_sentiment_score': 0.227693, 'overall_sentiment_label': 'Somewhat-Bullish', 'ticker_sentiment': [{'ticker': 'ABBV', 'relevance_score': '0.40348', 'ticker_sentiment_score': '0.222798', 'ticker_sentiment_label': 'Somewhat-Bullish'}, {'ticker': 'DUK', 'relevance_score': '0.140076', 'ticker_sentiment_score': '0.037643', 'ticker_sentiment_label': 'Neutral'}, {'ticker': 'HSBC', 'relevance_score': '0.140076', 'ticker_sentiment_score': '0.037643', 'ticker_sentiment_label': 'Neutral'}, {'ticker': 'DIS', 'relevance_score': '0.208764', 'ticker_sentiment_score': '0.049411', 'ticker_sentiment_label': 'Neutral'}, {'ticker': 'PG', 'relevance_score': '0.208764', 'ticker_sentiment_score': '0.049411', 'ticker_sentiment_label': 'Neutral'}]}"
41,50,x <= -0.35: Bearish; -0.35 < x <= -0.15: Somewhat-Bearish; -0.15 < x < 0.15: Neutral; 0.15 <= x < 0.35: Somewhat_Bullish; x >= 0.35: Bullish,"0 < x <= 1, with a higher score indicating higher relevance.","{'title': ""What's Going On With Disney Stock Today? - Walt Disney  ( NYSE:DIS ) "", 'url': 'https://www.benzinga.com/news/23/08/34032136/whats-going-on-with-disney-stock-today', 'time_published': '20230824T194809', 'authors': ['Ryan Gustafson'], 'summary': 'The Walt Disney Company DIS shares are trading lower Thursday amid overall market weakness. The stock has also been under pressure amid the SAG-AFTRA strike. What To Know: The ongoing strike began after the SAG-AFTRA union was unable to reach an agreement with the Alliance of Motion Picture and ...', 'banner_image': 'https://cdn.benzinga.com/files/images/story/2023/08/24/video-production-4223885_1280.jpg?width=1200&height=800&fit=crop', 'source': 'Benzinga', 'category_within_source': 'News', 'source_domain': 'www.benzinga.com', 'topics': [{'topic': 'Financial Markets', 'relevance_score': '0.316726'}], 'overall_sentiment_score': -0.083749, 'overall_sentiment_label': 'Neutral', 'ticker_sentiment': [{'ticker': 'DIS', 'relevance_score': '0.694939', 'ticker_sentiment_score': '-0.178231', 'ticker_sentiment_label': 'Somewhat-Bearish'}]}"
42,50,x <= -0.35: Bearish; -0.35 < x <= -0.15: Somewhat-Bearish; -0.15 < x < 0.15: Neutral; 0.15 <= x < 0.35: Somewhat_Bullish; x >= 0.35: Bullish,"0 < x <= 1, with a higher score indicating higher relevance.","{'title': 'Warner Bros. Discovery to Add CNN Channel to Max Streaming Service', 'url': 'https://www.nytimes.com/2023/08/24/business/media/warner-bros-discovery-cnn-streaming-max.html', 'time_published': '20230824T151851', 'authors': ['John Koblin'], 'summary': 'The new channel, which will start Sept. 27, will feature distinct programming and, in an unusual move, live programming from the cable network.', 'banner_image': 'https://static01.nyt.com/images/2023/08/24/multimedia/24cnn-streaming-fwmh/24cnn-streaming-fwmh-articleLarge.jpg?quality=75&auto=webp&disable=upscale', 'source': 'New York Times', 'category_within_source': 'Business', 'source_domain': 'www.nytimes.com', 'topics': [{'topic': 'Technology', 'relevance_score': '1.0'}], 'overall_sentiment_score': -0.020995, 'overall_sentiment_label': 'Neutral', 'ticker_sentiment': [{'ticker': 'WBD', 'relevance_score': '0.491878', 'ticker_sentiment_score': '-0.071607', 'ticker_sentiment_label': 'Neutral'}, {'ticker': 'CCZ', 'relevance_score': '0.087824', 'ticker_sentiment_score': '0.0', 'ticker_sentiment_label': 'Neutral'}, {'ticker': 'FOX', 'relevance_score': '0.087824', 'ticker_sentiment_score': '0.084211', 'ticker_sentiment_label': 'Neutral'}, {'ticker': 'DIS', 'relevance_score': '0.087824', 'ticker_sentiment_score': '0.0', 'ticker_sentiment_label': 'Neutral'}]}"
43,50,x <= -0.35: Bearish; -0.35 < x <= -0.15: Somewhat-Bearish; -0.15 < x < 0.15: Neutral; 0.15 <= x < 0.35: Somewhat_Bullish; x >= 0.35: Bullish,"0 < x <= 1, with a higher score indicating higher relevance.","{'title': ""Does Disney's Streaming and Attendance Slip Offer a Buy-the-Dip Scenario?"", 'url': 'https://www.fool.com/investing/2023/08/24/does-disneys-streaming-and-attendance-slip-offer-a/', 'time_published': '20230824T130300', 'authors': ['Nicholas Robbins'], 'summary': ""From restructured operations to strategic streaming shifts, Disney's latest transformation reveals a potential path to renewed success."", 'banner_image': 'https://g.foolcdn.com/misc-assets/hp-sa-cumulative-growth-chart.png', 'source': 'Motley Fool', 'category_within_source': 'n/a', 'source_domain': 'www.fool.com', 'topics': [{'topic': 'Earnings', 'relevance_score': '0.999999'}, {'topic': 'Financial Markets', 'relevance_score': '0.360215'}], 'overall_sentiment_score': 0.370566, 'overall_sentiment_label': 'Bullish', 'ticker_sentiment': [{'ticker': 'ICNB', 'relevance_score': '0.098862', 'ticker_sentiment_score': '0.213457', 'ticker_sentiment_label': 'Somewhat-Bullish'}, {'ticker': 'DIS', 'relevance_score': '0.098862', 'ticker_sentiment_score': '0.203956', 'ticker_sentiment_label': 'Somewhat-Bullish'}]}"
44,50,x <= -0.35: Bearish; -0.35 < x <= -0.15: Somewhat-Bearish; -0.15 < x < 0.15: Neutral; 0.15 <= x < 0.35: Somewhat_Bullish; x >= 0.35: Bullish,"0 < x <= 1, with a higher score indicating higher relevance.","{'title': 'Honey, I Blew Up the Family Film', 'url': 'https://www.nytimes.com/2023/08/24/movies/honey-i-blew-up-the-family-film.html', 'time_published': '20230824T092446', 'authors': ['Alexis Soloski'], 'summary': 'My son\'s first movie was ""La La Land,"" which he watched strapped to my chest during a baby-friendly matinee in Brooklyn. He was 7 months old then, hungry and appropriately fussy, which means that I spent most of the movie standing at the back of the theater - nursing, jiggling, shushing - and ...', 'banner_image': 'https://static01.nyt.com/images/2023/08/27/arts/00children-movies/00children-movies-articleLarge.jpg?quality=75&auto=webp&disable=upscale', 'source': 'New York Times', 'category_within_source': 'GoogleRSS', 'source_domain': 'www.nytimes.com', 'topics': [], 'overall_sentiment_score': 0.111986, 'overall_sentiment_label': 'Neutral', 'ticker_sentiment': [{'ticker': 'SCOR', 'relevance_score': '0.028937', 'ticker_sentiment_score': '0.073836', 'ticker_sentiment_label': 'Neutral'}, {'ticker': 'DIS', 'relevance_score': '0.028937', 'ticker_sentiment_score': '0.125636', 'ticker_sentiment_label': 'Neutral'}]}"
45,50,x <= -0.35: Bearish; -0.35 < x <= -0.15: Somewhat-Bearish; -0.15 < x < 0.15: Neutral; 0.15 <= x < 0.35: Somewhat_Bullish; x >= 0.35: Bullish,"0 < x <= 1, with a higher score indicating higher relevance.","{'title': ""If You Invested $1,000 In Disney Stock When Ron DeSantis Became Governor, Here's How Much You'd Have Today - Walt Disney  ( NYSE:DIS ) "", 'url': 'https://www.benzinga.com/general/education/23/08/34009856/if-you-invested-1-000-in-disney-stock-when-ron-desantis-became-governor-heres-how-much-youd-hav', 'time_published': '20230823T200519', 'authors': ['Chris Katje'], 'summary': ""Over the last several years, one of the largest media companies in the world has been battling with a leading Republican political figure. Here's a look at the stock performance of The Walt Disney Company DIS during Florida Governor Ron DeSantis's time in office."", 'banner_image': 'https://cdn.benzinga.com/files/images/story/2023/08/23/desantis_disney_shutter.jpg?width=1200&height=800&fit=crop', 'source': 'Benzinga', 'category_within_source': 'General', 'source_domain': 'www.benzinga.com', 'topics': [{'topic': 'Financial Markets', 'relevance_score': '0.995077'}], 'overall_sentiment_score': 0.11387, 'overall_sentiment_label': 'Neutral', 'ticker_sentiment': [{'ticker': 'DIS', 'relevance_score': '0.2256', 'ticker_sentiment_score': '0.142578', 'ticker_sentiment_label': 'Neutral'}]}"
46,50,x <= -0.35: Bearish; -0.35 < x <= -0.15: Somewhat-Bearish; -0.15 < x < 0.15: Neutral; 0.15 <= x < 0.35: Somewhat_Bullish; x >= 0.35: Bullish,"0 < x <= 1, with a higher score indicating higher relevance.","{'title': ""DeSantis' appointees attack Disney over local employee perks and discounts | Business"", 'url': 'https://www.cnn.com/2023/08/22/business/ron-desantis-disney-free-theme-park-passes-and-discounts/index.html', 'time_published': '20230822T234100', 'authors': ['Samantha Delouya'], 'summary': ""DeSantis' appointees attack Disney over local employee perks and discounts ..."", 'banner_image': 'https://media.cnn.com/api/v1/images/stellar/prod/230822163651-ron-desantis-disney-free-passes-and-discounts.jpg?c=16x9&q=w_800,c_fill', 'source': 'CNN', 'category_within_source': 'Markets', 'source_domain': 'www.cnn.com', 'topics': [{'topic': 'Earnings', 'relevance_score': '0.108179'}], 'overall_sentiment_score': -0.110812, 'overall_sentiment_label': 'Neutral', 'ticker_sentiment': [{'ticker': 'DIS', 'relevance_score': '0.1789', 'ticker_sentiment_score': '0.004455', 'ticker_sentiment_label': 'Neutral'}]}"
47,50,x <= -0.35: Bearish; -0.35 < x <= -0.15: Somewhat-Bearish; -0.15 < x < 0.15: Neutral; 0.15 <= x < 0.35: Somewhat_Bullish; x >= 0.35: Bullish,"0 < x <= 1, with a higher score indicating higher relevance.","{'title': ""Howard's Appoints Industry Leader Peter Boutros as CEO"", 'url': 'https://www.benzinga.com/pressreleases/23/08/g33988864/howards-appoints-industry-leader-peter-boutros-as-ceo', 'time_published': '20230822T160834', 'authors': ['Globe Newswire'], 'summary': ""LA HABRA, Calif., Aug. 22, 2023 ( GLOBE NEWSWIRE ) -- Howard's, Southern California's premier independent appliance/TV/mattress retailer, announced today that its board of directors has appointed industry leader Peter Boutros as its new chief executive officer."", 'banner_image': 'https://www.benzinga.com/next-assets/images/schema-image-default.png', 'source': 'Benzinga', 'category_within_source': 'News', 'source_domain': 'www.benzinga.com', 'topics': [], 'overall_sentiment_score': 0.442711, 'overall_sentiment_label': 'Bullish', 'ticker_sentiment': [{'ticker': 'NSRGF', 'relevance_score': '0.160633', 'ticker_sentiment_score': '0.177615', 'ticker_sentiment_label': 'Somewhat-Bullish'}, {'ticker': 'DIS', 'relevance_score': '0.080728', 'ticker_sentiment_score': '0.087509', 'ticker_sentiment_label': 'Neutral'}]}"
48,50,x <= -0.35: Bearish; -0.35 < x <= -0.15: Somewhat-Bearish; -0.15 < x < 0.15: Neutral; 0.15 <= x < 0.35: Somewhat_Bullish; x >= 0.35: Bullish,"0 < x <= 1, with a higher score indicating higher relevance.","{'title': 'NWSA: Should Investors Buy Shares of News  ( NWSA )  Instead of Walt Disney  ( DIS ) ?', 'url': 'https://stocknews.com/news/nwsa-dis-should-investors-buy-shares-of-news-nwsa-instead-of-walt/', 'time_published': '20230821T172224', 'authors': ['StockNews.com Staff'], 'summary': 'NWSA: Should Investors Buy Shares of News ( NWSA ) Instead of ... ...', 'banner_image': 'https://stocknews.com/wp-content/uploads/2022/06/shutterstock_174273320-scaled.jpg', 'source': 'Stocknews.com', 'category_within_source': 'n/a', 'source_domain': 'stocknews.com', 'topics': [{'topic': 'Earnings', 'relevance_score': '0.990893'}, {'topic': 'Financial Markets', 'relevance_score': '0.503496'}], 'overall_sentiment_score': 0.241811, 'overall_sentiment_label': 'Somewhat-Bullish', 'ticker_sentiment': [{'ticker': 'III', 'relevance_score': '0.048036', 'ticker_sentiment_score': '0.150797', 'ticker_sentiment_label': 'Somewhat-Bullish'}, {'ticker': 'DIS', 'relevance_score': '0.492446', 'ticker_sentiment_score': '0.257875', 'ticker_sentiment_label': 'Somewhat-Bullish'}]}"
49,50,x <= -0.35: Bearish; -0.35 < x <= -0.15: Somewhat-Bearish; -0.15 < x < 0.15: Neutral; 0.15 <= x < 0.35: Somewhat_Bullish; x >= 0.35: Bullish,"0 < x <= 1, with a higher score indicating higher relevance.","{'title': 'NVIDIA To Rally Over 80%? Here Are 10 Other Analyst Forecasts For Monday - Deere  ( NYSE:DE ) , Cogent Comms Hldgs  ( NASDAQ:CCOI ) ', 'url': 'https://www.benzinga.com/news/23/08/33962357/nvidia-to-rally-over-80-here-are-10-other-analyst-forecasts-for-monday', 'time_published': '20230821T130155', 'authors': ['Lisa Levin'], 'summary': 'Credit Suisse lowered the price target for The Walt Disney Company DIS from $126 to $122. Credit Suisse analyst Douglas Mitchelson maintained an Outperforn rating. Disney shares gained 0.4% to $86.27 in pre-market trading. B of A Securities boosted Palo Alto Networks, Inc.', 'banner_image': 'https://cdn.benzinga.com/files/images/story/2023/08/21/nvidia-logo_0.jpg?width=1200&height=800&fit=crop', 'source': 'Benzinga', 'category_within_source': 'Trading', 'source_domain': 'www.benzinga.com', 'topics': [{'topic': 'Life Sciences', 'relevance_score': '0.2'}, {'topic': 'Financial Markets', 'relevance_score': '0.999822'}, {'topic': 'Manufacturing', 'relevance_score': '0.2'}, {'topic': 'Real Estate & Construction', 'relevance_score': '0.2'}, {'topic': 'Technology', 'relevance_score': '0.2'}, {'topic': 'Finance', 'relevance_score': '0.2'}], 'overall_sentiment_score': 0.256926, 'overall_sentiment_label': 'Somewhat-Bullish', 'ticker_sentiment': [{'ticker': 'XPEV', 'relevance_score': '0.279015', 'ticker_sentiment_score': '0.29662', 'ticker_sentiment_label': 'Somewhat-Bullish'}, {'ticker': 'DE', 'relevance_score': '0.279015', 'ticker_sentiment_score': '0.273186', 'ticker_sentiment_label': 'Somewhat-Bullish'}, {'ticker': 'NVDA', 'relevance_score': '0.279015', 'ticker_sentiment_score': '0.08557', 'ticker_sentiment_label': 'Neutral'}, {'ticker': 'C', 'relevance_score': '0.188193', 'ticker_sentiment_score': '0.212559', 'ticker_sentiment_label': 'Somewhat-Bullish'}, {'ticker': 'CCOI', 'relevance_score': '0.279015', 'ticker_sentiment_score': '0.247436', 'ticker_sentiment_label': 'Somewhat-Bullish'}, {'ticker': 'SNOW', 'relevance_score': '0.279015', 'ticker_sentiment_score': '0.286648', 'ticker_sentiment_label': 'Somewhat-Bullish'}, {'ticker': 'JPM', 'relevance_score': '0.188193', 'ticker_sentiment_score': '0.004611', 'ticker_sentiment_label': 'Neutral'}, {'ticker': 'GS', 'relevance_score': '0.188193', 'ticker_sentiment_score': '0.183612', 'ticker_sentiment_label': 'Somewhat-Bullish'}, {'ticker': 'DIS', 'relevance_score': '0.188193', 'ticker_sentiment_score': '0.341226', 'ticker_sentiment_label': 'Somewhat-Bullish'}, {'ticker': 'NTAP', 'relevance_score': '0.279015', 'ticker_sentiment_score': '0.300025', 'ticker_sentiment_label': 'Somewhat-Bullish'}, {'ticker': 'MPW', 'relevance_score': '0.279015', 'ticker_sentiment_score': '0.006295', 'ticker_sentiment_label': 'Neutral'}, {'ticker': 'PODD', 'relevance_score': '0.366061', 'ticker_sentiment_score': '0.238023', 'ticker_sentiment_label': 'Somewhat-Bullish'}, {'ticker': 'PANW', 'relevance_score': '0.188193', 'ticker_sentiment_score': '0.135344', 'ticker_sentiment_label': 'Neutral'}]}"
